{"cameraMode":{"drawMode":0,"name":"Shaded","section":"Shading Mode"},"sceneLighting":false,"audioPlay":false,"sceneViewState":{"m_AlwaysRefresh":false,"showFog":true,"showSkybox":false,"showFlares":true,"showImageEffects":true,"showParticleSystems":true,"showVisualEffectGraphs":true,"m_FxEnabled":true},"in2DMode":false,"pivot":{"x":-1.291378140449524,"y":3.9755070209503176,"z":-1.0443466901779175},"rotation":{"x":-0.00021631015988532454,"y":0.9997580647468567,"z":-0.011395914480090142,"w":-0.01920139417052269},"size":1.5152325630187989,"orthographic":false}