{"cameraMode":{"drawMode":0,"name":"Shaded","section":"Shading Mode"},"sceneLighting":false,"audioPlay":false,"sceneViewState":{"m_AlwaysRefresh":false,"showFog":true,"showSkybox":false,"showFlares":true,"showImageEffects":true,"showParticleSystems":true,"showVisualEffectGraphs":true,"m_FxEnabled":true},"in2DMode":false,"pivot":{"x":0.8004502058029175,"y":2.1070964336395265,"z":2.837184190750122},"rotation":{"x":0.0892728790640831,"y":0.013446585275232792,"z":-0.001204423257149756,"w":0.9959331750869751},"size":4.420458793640137,"orthographic":false}