{"cameraMode":{"drawMode":0,"name":"Shaded","section":"Shading Mode"},"sceneLighting":false,"audioPlay":false,"sceneViewState":{"m_AlwaysRefresh":false,"showFog":true,"showSkybox":false,"showFlares":true,"showImageEffects":true,"showParticleSystems":true,"showVisualEffectGraphs":true,"m_FxEnabled":true},"in2DMode":false,"pivot":{"x":-0.21593935787677766,"y":0.8955180644989014,"z":-0.1448563188314438},"rotation":{"x":0.041464172303676608,"y":0.7665684223175049,"z":-0.04975065588951111,"w":0.638888955116272},"size":0.6235045790672302,"orthographic":false}