{"cameraMode":{"drawMode":0,"name":"Shaded","section":"Shading Mode"},"sceneLighting":false,"audioPlay":false,"sceneViewState":{"m_AlwaysRefresh":false,"showFog":true,"showSkybox":false,"showFlares":true,"showImageEffects":true,"showParticleSystems":true,"showVisualEffectGraphs":true,"m_FxEnabled":true},"in2DMode":false,"pivot":{"x":14.16276741027832,"y":19.888092041015626,"z":-1.1013737916946412},"rotation":{"x":0.029995566233992578,"y":0.0032951198518276216,"z":0.00009883557504508644,"w":-0.9995459914207459},"size":24.87873077392578,"orthographic":false}