{"cameraMode":{"drawMode":0,"name":"Shaded","section":"Shading Mode"},"sceneLighting":false,"audioPlay":false,"sceneViewState":{"m_AlwaysRefresh":false,"showFog":true,"showSkybox":false,"showFlares":true,"showImageEffects":true,"showParticleSystems":true,"showVisualEffectGraphs":true,"m_FxEnabled":true},"in2DMode":false,"pivot":{"x":0.12712343037128449,"y":0.5839672088623047,"z":0.7120210528373718},"rotation":{"x":0.00918535701930523,"y":0.9905843734741211,"z":-0.10679769515991211,"w":0.08519750088453293},"size":1.0993549823760987,"orthographic":false}