{"cameraMode":{"drawMode":0,"name":"Shaded","section":"Shading Mode"},"sceneLighting":false,"audioPlay":false,"sceneViewState":{"m_AlwaysRefresh":false,"showFog":true,"showSkybox":false,"showFlares":true,"showImageEffects":true,"showParticleSystems":true,"showVisualEffectGraphs":true,"m_FxEnabled":true},"in2DMode":false,"pivot":{"x":5.598573207855225,"y":0.5254126787185669,"z":3.9536731243133547},"rotation":{"x":0.025038694962859155,"y":0.9631584286689758,"z":-0.09653989225625992,"w":0.24983331561088563},"size":1.152994155883789,"orthographic":false}